<?xml version="1.0" encoding="UTF-8" ?>
<phpdocumentor>
    <parser>
        <default-package-name>phpDocumentor</default-package-name>
        <target>data/output</target>
    </parser>
    <transformer>
        <target>data/output</target>
    </transformer>
    <files>
        <directory>.</directory>
        <ignore>tests/*</ignore>
        <ignore>vendor/*</ignore>
    </files>
    <plugins>
        <plugin path="Core">
            <option name="a">value</option>
        </plugin>
    </plugins>
</phpdocumentor>
