<?xml version="1.0" encoding="utf-8"?>

<template>
    <description>My new template</description>
    <author>{{ author }}</author>
    <version>{{ version }}</version>
    <transformations>
        <transformation query="copy" writer="FileIo" source="js" artifact="js"/>
        <transformation query="copy" writer="FileIo" source="images" artifact="images"/>
        <transformation query="copy" writer="FileIo" source="templates/abstract/css" artifact="css"/>
        <transformation query="copy" writer="FileIo" source="templates/{{ name }}/css" artifact="css"/>
        <transformation query="copy" writer="FileIo" source="templates/{{ name }}/js" artifact="js"/>
        <transformation query="" writer="xsl" source="templates/{{ name }}/index.xsl" artifact="index.html"/>
        <transformation query="" writer="xsl" source="templates/abstract/sidebar.xsl" artifact="nav.html">
            <parameters>
                <variables>
                    <section.dashboard.show>false</section.dashboard.show>
                    <section.api.show/>
                    <section.namespaces.show/>
                    <section.packages.show/>
                    <section.files.show/>
                    <section.files.show-elements>false</section.files.show-elements>
                    <section.reports.show>false</section.reports.show>
                    <section.charts.show>false</section.charts.show>
                </variables>
            </parameters>
        </transformation>
        <transformation query="" writer="xsl" source="templates/abstract/report_markers.xsl" artifact="report_markers.html"/>
        <transformation query="" writer="xsl" source="templates/abstract/report_parse_markers.xsl" artifact="report_parse_markers.html"/>
        <transformation query="" writer="xsl" source="templates/abstract/report_deprecated.xsl" artifact="report_deprecated.html"/>
        <transformation query="" writer="xsl" source="templates/abstract/content.xsl" artifact="content.html"/>
        <transformation query="/project/file/@path" writer="xsl" source="templates/abstract/api-doc.xsl" artifact="{$path}"/>
        <transformation query="" writer="sourcecode" source="" artifact=""/>
        <transformation query="" writer="xsl" source="templates/abstract/graph_class.xsl" artifact="graph.html"/>
        <transformation query="" writer="Graph" source="Class" artifact="classes.svg" />
    </transformations>
</template>